City_ID,City,Country,Date,Lat,Lng,Max Temp,Humidity,Cloudiness,Wind Speed
0,Richards Bay,ZA,2022-01-28 01:29:09,-28.783,32.0377,76.53,83,8,15.95
1,Igarka,RU,2022-01-28 01:32:14,67.4667,86.5833,-0.92,93,100,23.15
2,Atuona,PF,2022-01-28 01:32:15,-9.8,-139.0333,78.24,74,7,16.73
3,Dingle,PH,2022-01-28 01:32:15,10.9995,122.6711,83.26,76,88,8.14
4,Araouane,ML,2022-01-28 01:32:16,18.9048,-3.5265,64.06,18,33,12.21
5,Kapaa,US,2022-01-28 01:32:16,22.0752,-159.319,80.58,68,0,1.99
6,Bredasdorp,ZA,2022-01-28 01:32:16,-34.5322,20.0403,63.28,82,0,4.61
7,Barrow,US,2022-01-28 01:32:17,71.2906,-156.7887,-18.38,76,0,9.22
8,Bam,IR,2022-01-28 01:32:17,29.106,58.357,58.59,34,1,6.06
9,Felanitx,ES,2022-01-28 01:32:17,39.4696,3.1483,45.45,68,0,3.0
10,Port Alfred,ZA,2022-01-28 01:32:18,-33.5906,26.891,70.54,88,91,14.45
11,Gao,ML,2022-01-28 01:32:19,16.6362,1.637,60.93,22,0,14.56
12,Punta Arenas,CL,2022-01-28 01:32:19,-53.15,-70.9167,50.11,87,0,9.22
13,Bluff,NZ,2022-01-28 01:32:20,-46.6,168.3333,66.79,59,100,8.99
14,Guiratinga,BR,2022-01-28 01:32:20,-16.3494,-53.7583,70.86,94,100,2.28
15,Lompoc,US,2022-01-28 01:28:30,34.6391,-120.4579,64.13,56,0,6.91
16,Yeppoon,AU,2022-01-28 01:32:21,-23.1333,150.7333,85.78,57,57,16.67
17,Butaritari,KI,2022-01-28 01:32:21,3.0707,172.7902,82.31,78,2,15.79
18,Hanchuan,CN,2022-01-28 01:32:21,30.65,113.7667,33.91,100,100,11.25
19,Berlevag,NO,2022-01-28 01:32:22,70.8578,29.0864,27.19,88,100,3.2
20,Lavrentiya,RU,2022-01-28 01:32:22,65.5833,-171.0,-11.4,90,23,3.69
21,Juneau,US,2022-01-28 01:28:49,58.3019,-134.4197,40.21,94,100,8.99
22,Avarua,CK,2022-01-28 01:32:23,-21.2078,-159.775,82.45,83,20,16.11
23,Kalach-Na-Donu,RU,2022-01-28 01:29:02,48.691,43.5264,13.32,97,94,5.23
24,Lafia,NG,2022-01-28 01:32:23,8.4833,8.5167,72.99,24,0,3.87
25,Wakkanai,JP,2022-01-28 01:32:23,45.4094,141.6739,12.18,85,40,6.91
26,Busselton,AU,2022-01-28 01:32:24,-33.65,115.3333,72.05,35,0,8.66
27,Cape Town,ZA,2022-01-28 01:32:24,-33.9258,18.4232,64.81,80,20,8.05
28,Chapleau,CA,2022-01-28 01:32:25,47.8405,-83.4034,-3.91,77,0,3.44
29,Bengkulu,ID,2022-01-28 01:32:25,-3.8004,102.2655,82.0,71,97,1.07
30,Meaux,FR,2022-01-28 01:32:25,48.9167,3.0,44.71,92,16,3.69
31,Hami,CN,2022-01-28 01:32:26,42.8,93.45,22.75,44,3,3.47
32,Hilo,US,2022-01-28 01:32:26,19.7297,-155.09,80.33,68,100,13.8
33,Palmer,US,2022-01-28 01:32:27,42.1584,-72.3287,22.24,64,75,6.91
34,Emerald,AU,2022-01-28 01:32:27,-23.5333,148.1667,86.34,48,40,13.8
35,Pisco,PE,2022-01-28 01:32:27,-13.7,-76.2167,68.05,77,0,19.57
36,Mankono,CI,2022-01-28 01:32:28,8.0586,-6.1897,73.96,26,48,2.19
37,Iqaluit,CA,2022-01-28 01:29:50,63.7506,-68.5145,-11.31,83,100,4.0
38,Saldanha,ZA,2022-01-28 01:31:36,-33.0117,17.9442,59.05,87,0,15.52
39,Wanning,CN,2022-01-28 01:32:28,18.8003,110.3967,74.12,80,18,7.36
40,Rikitea,PF,2022-01-28 01:32:28,-23.1203,-134.9692,78.67,77,75,16.26
41,Hithadhoo,MV,2022-01-28 01:29:32,-0.6,73.0833,81.0,70,100,14.54
42,Marsh Harbour,BS,2022-01-28 01:32:29,26.5412,-77.0636,74.03,77,13,8.19
43,Cabo San Lucas,MX,2022-01-28 01:30:33,22.8909,-109.9124,72.52,60,0,11.5
44,Fortuna,US,2022-01-28 01:32:29,40.5982,-124.1573,52.99,81,40,5.75
45,Biltine,TD,2022-01-28 01:32:30,14.5333,20.9167,59.72,20,53,15.01
46,Papetoai,PF,2022-01-28 01:33:30,-17.4961,-149.8729,85.59,72,10,13.6
47,Karasjok,NO,2022-01-28 01:33:30,69.4719,25.5112,15.91,96,100,2.13
48,Portland,US,2022-01-28 01:32:02,45.5234,-122.6762,45.59,64,0,1.99
49,Zyryanka,RU,2022-01-28 01:33:31,65.75,150.85,-26.7,96,100,6.06
50,Finspang,SE,2022-01-28 01:33:31,58.7058,15.7674,34.32,85,95,12.53
51,Cherskiy,RU,2022-01-28 01:33:32,68.75,161.3,-33.99,96,27,2.01
52,Faanui,PF,2022-01-28 01:33:32,-16.4833,-151.75,81.09,76,11,15.86
53,San Luis,AR,2022-01-28 01:31:24,-33.295,-66.3356,66.92,76,16,5.93
54,Ambrolauri,GE,2022-01-28 01:33:32,42.5211,43.1622,25.5,94,86,3.78
55,Vinkovci,HR,2022-01-28 01:33:33,45.2883,18.8047,33.26,80,63,3.71
56,San Quintin,MX,2022-01-28 01:33:33,30.4833,-115.95,59.04,68,100,6.76
57,Belyy Yar,RU,2022-01-28 01:33:34,53.6039,91.3903,-5.91,84,100,0.0
58,Taltal,CL,2022-01-28 01:33:34,-25.4,-70.4833,67.12,78,1,4.36
59,Airai,TL,2022-01-28 01:33:35,-8.9266,125.4092,73.26,58,61,4.45
60,Altadena,US,2022-01-28 01:33:35,34.1897,-118.1312,67.32,25,0,3.0
61,Puerto Ayora,EC,2022-01-28 01:33:35,-0.7393,-90.3518,73.53,84,76,6.76
62,Yellowknife,CA,2022-01-28 01:29:07,62.456,-114.3525,-7.08,77,75,2.3
63,Khatanga,RU,2022-01-28 01:33:36,71.9667,102.5,-1.57,84,67,11.54
64,Castro,BR,2022-01-28 01:33:36,-24.7911,-50.0119,65.57,98,100,4.38
65,Constitucion,CL,2022-01-28 01:33:36,-35.3333,-72.4167,59.5,92,39,4.29
66,Taoudenni,ML,2022-01-28 01:33:37,22.6783,-3.9836,66.58,19,91,11.36
67,Edendale,ZA,2022-01-28 01:33:37,-29.6528,30.3147,71.62,71,89,3.24
68,Hermanus,ZA,2022-01-28 01:29:00,-34.4187,19.2345,64.8,80,0,3.29
69,Moyale,KE,2022-01-28 01:33:38,3.5167,39.0584,68.25,36,51,5.3
70,Biak,ID,2022-01-28 01:33:38,-0.9131,122.8766,81.09,74,100,1.88
71,Victoria,HK,2022-01-28 01:33:38,22.2855,114.1577,69.76,93,100,8.99
72,Albany,US,2022-01-28 01:30:12,42.6001,-73.9662,25.99,54,100,3.47
73,Port Elizabeth,ZA,2022-01-28 01:31:10,-33.918,25.5701,66.49,88,0,11.5
74,Mataura,NZ,2022-01-28 01:33:39,-46.1927,168.8643,66.47,25,100,4.07
75,Beloha,MG,2022-01-28 01:33:39,-25.1667,45.05,68.16,81,0,9.89
76,Touros,BR,2022-01-28 01:33:40,-5.1989,-35.4608,77.9,81,100,6.98
77,Mahebourg,MU,2022-01-28 01:29:02,-20.4081,57.7,73.69,83,40,3.44
78,Ushuaia,AR,2022-01-28 01:31:31,-54.8,-68.3,49.66,81,75,5.75
79,Sao Filipe,CV,2022-01-28 01:33:41,14.8961,-24.4956,71.69,71,93,12.75
80,Wismar,DE,2022-01-28 01:33:41,53.9,11.4667,42.19,76,59,17.0
81,Fereydun Kenar,IR,2022-01-28 01:33:41,36.6864,52.5225,50.22,93,100,6.91
82,Kathu,TH,2022-01-28 01:33:42,7.9178,98.3332,83.62,73,92,10.65
83,Pacifica,US,2022-01-28 01:30:41,37.6138,-122.4869,64.4,49,20,1.01
84,Upernavik,GL,2022-01-28 01:33:42,72.7868,-56.1549,2.77,91,100,19.53
85,Bozoum,CF,2022-01-28 01:33:42,6.3193,16.3799,65.41,29,4,2.98
86,San Ramon,US,2022-01-28 01:29:45,37.7799,-121.978,63.09,44,0,1.99
87,Nicolas Bravo,MX,2022-01-28 01:33:43,18.45,-88.9167,70.9,89,7,3.15
88,Meadow Lake,US,2022-01-28 01:33:43,34.8014,-106.5436,44.08,35,48,7.67
89,Laguna,US,2022-01-28 01:32:33,38.421,-121.4238,62.44,55,0,4.61
90,Belaya Gora,RU,2022-01-28 01:34:44,68.5333,146.4167,-39.26,100,53,2.17
91,Vaini,TO,2022-01-28 01:34:44,-21.2,-175.2,82.96,77,21,14.14
92,Wilmington,US,2022-01-28 01:31:55,34.2257,-77.9447,39.9,51,0,4.61
93,Khandyga,RU,2022-01-28 01:34:45,62.6667,135.6,-39.64,96,74,0.92
94,New Norfolk,AU,2022-01-28 01:33:57,-42.7826,147.0587,88.66,29,38,6.98
95,Uribia,CO,2022-01-28 01:34:45,11.7139,-72.266,75.0,79,3,10.87
96,Acapulco,MX,2022-01-28 01:32:56,16.8634,-99.8901,80.42,78,0,9.22
97,Nome,US,2022-01-28 01:34:45,64.5011,-165.4064,-4.9,71,0,0.0
98,Jamestown,US,2022-01-28 01:31:54,42.097,-79.2353,26.1,63,100,5.99
99,Albolote,ES,2022-01-28 01:34:46,37.2309,-3.6551,49.62,75,8,1.01
100,Ponta Do Sol,PT,2022-01-28 01:34:20,32.6667,-17.1,58.01,78,81,3.94
101,Camacha,PT,2022-01-28 01:34:46,33.0833,-16.3333,54.54,88,40,6.91
102,Atambua,ID,2022-01-28 01:34:47,-9.1061,124.8925,81.19,71,86,5.84
103,Tobermory,CA,2022-01-28 01:34:47,45.2501,-81.6665,16.23,81,100,21.18
104,Belogorsk,RU,2022-01-28 01:34:47,50.9158,128.4611,-2.52,87,13,11.1
105,Brae,GB,2022-01-28 01:34:48,60.3964,-1.353,42.71,78,70,13.44
106,Cidreira,BR,2022-01-28 01:34:48,-30.1811,-50.2056,72.45,61,92,12.24
107,Kaeo,NZ,2022-01-28 01:34:49,-35.1,173.7833,75.33,66,7,15.23
108,Katsuura,JP,2022-01-28 01:34:49,35.1333,140.3,44.71,97,100,9.82
109,Capinota,BO,2022-01-28 01:34:49,-17.7167,-66.2333,66.65,68,83,2.13
110,Mount Vernon,US,2022-01-28 01:34:50,40.9126,-73.8371,31.62,57,40,1.01
111,Qaanaaq,GL,2022-01-28 01:34:50,77.484,-69.3632,-10.19,71,30,7.7
112,Tasiilaq,GL,2022-01-28 01:34:50,65.6145,-37.6368,21.36,95,100,6.96
113,Nara,JP,2022-01-28 01:34:51,34.6851,135.8049,47.5,47,17,7.99
114,Ostrovnoy,RU,2022-01-28 01:34:51,68.0531,39.5131,16.38,91,100,9.4
115,Beidao,CN,2022-01-28 01:34:51,34.5686,105.8933,27.46,89,100,3.89
116,Krasnoarmeysk,RU,2022-01-28 01:34:52,51.0239,45.6969,16.16,97,100,3.71
117,Kismayo,SO,2022-01-28 01:30:26,-0.3582,42.5454,75.54,84,15,8.55
118,Severo-Kurilsk,RU,2022-01-28 01:34:52,50.6789,156.125,24.37,77,94,37.13
119,Mar Del Plata,AR,2022-01-28 01:33:01,-38.0023,-57.5575,61.88,74,0,1.01
120,Zhigansk,RU,2022-01-28 01:34:52,66.7697,123.3711,-31.88,100,22,3.74
121,Georgetown,MY,2022-01-28 01:34:53,5.4112,100.3354,82.33,86,20,5.01
122,Oksfjord,NO,2022-01-28 01:34:53,70.2396,22.3479,23.92,89,100,5.66
123,Margate,GB,2022-01-28 01:34:21,51.3813,1.3862,42.31,86,57,4.0
124,Huicungo,PE,2022-01-28 01:34:54,-7.2833,-76.8,72.25,91,97,1.68
125,Ayan,RU,2022-01-28 01:34:54,56.45,138.1667,-3.95,65,100,10.67
126,Morondava,MG,2022-01-28 01:34:54,-20.2833,44.2833,77.9,78,84,4.94
127,Kirakira,SB,2022-01-28 01:34:54,-10.4544,161.9205,79.36,87,100,7.14
128,Dikson,RU,2022-01-28 01:34:55,73.5069,80.5464,3.47,94,100,23.42
129,Tsuyama,JP,2022-01-28 01:34:55,35.05,134.0,49.35,57,72,9.64
130,Nanortalik,GL,2022-01-28 01:34:55,60.1432,-45.2371,11.62,78,42,11.5
131,Kodiak,US,2022-01-28 01:33:16,57.79,-152.4072,35.11,87,100,14.97
132,Igunga,TZ,2022-01-28 01:34:40,-4.2833,33.8833,64.83,94,99,6.89
133,Shishou,CN,2022-01-28 01:34:56,29.7226,112.419,32.92,99,100,13.0
134,Hobart,AU,2022-01-28 01:34:57,-42.8794,147.3294,89.02,62,75,1.01
135,Shetpe,KZ,2022-01-28 01:34:57,44.1667,52.1167,28.71,90,100,19.42
136,Valparaiso,CL,2022-01-28 01:34:09,-33.0393,-71.6273,67.48,75,75,5.75
137,College,US,2022-01-28 01:35:21,64.8569,-147.8028,-7.28,74,100,0.0
138,Pangnirtung,CA,2022-01-28 01:35:58,66.1451,-65.7125,-13.4,86,100,6.49
139,Hofn,IS,2022-01-28 01:35:58,64.2539,-15.2082,37.98,98,100,14.14
140,Villa Rica,US,2022-01-28 01:35:58,33.7321,-84.9191,44.78,74,98,3.87
141,Palmares Do Sul,BR,2022-01-28 01:35:59,-30.2578,-50.5097,70.52,66,77,7.07
142,Tuktoyaktuk,CA,2022-01-28 01:35:59,69.4541,-133.0374,-18.4,76,20,11.5
143,Bani,DO,2022-01-28 01:36:00,18.2833,-70.3333,78.24,82,0,5.19
144,Atherton,GB,2022-01-28 01:36:00,53.5237,-2.4935,44.11,92,100,3.71
145,Port-Gentil,GA,2022-01-28 01:36:00,-0.7193,8.7815,79.54,82,100,8.1
146,Carnarvon,AU,2022-01-28 01:36:01,-24.8667,113.6333,82.47,65,0,4.61
147,Negara,ID,2022-01-28 01:36:01,-8.3151,114.6025,81.59,78,100,3.2
148,Okha,RU,2022-01-28 01:36:01,53.5739,142.9478,-6.83,91,28,14.83
149,Manta,EC,2022-01-28 01:36:02,-0.95,-80.7333,76.78,94,100,3.44
150,Geraldton,AU,2022-01-28 01:36:02,-28.7667,114.6,90.01,29,0,13.8
151,Leningradskiy,RU,2022-01-28 01:33:59,69.3833,178.4167,-17.77,95,27,2.75
152,Kyabe,TD,2022-01-28 01:36:03,9.4515,18.9449,72.54,22,100,7.54
153,Kavieng,PG,2022-01-28 01:35:03,-2.5744,150.7967,84.99,66,57,5.97
154,El Alto,PE,2022-01-28 01:36:04,-4.2714,-81.2147,69.62,83,31,7.34
155,Waiuku,NZ,2022-01-28 01:36:04,-37.25,174.75,79.99,41,0,7.31
156,Adrar,MR,2022-01-28 01:36:04,20.5022,-10.0711,63.72,14,100,5.19
157,Santa Rosa De Viterbo,BR,2022-01-28 01:36:05,-21.4728,-47.3631,75.67,94,100,2.44
158,Marfino,RU,2022-01-28 01:36:05,55.7028,37.3822,19.54,85,75,8.95
159,Lubumbashi,CD,2022-01-28 01:36:05,-11.6609,27.4794,61.75,98,100,4.32
160,Sungaipenuh,ID,2022-01-28 01:36:06,-2.0833,101.3833,72.68,78,99,0.22
161,Avera,US,2022-01-28 01:36:07,33.194,-82.5271,41.72,47,40,5.17
162,Shellbrook,CA,2022-01-28 01:36:07,53.2168,-106.4011,15.03,97,100,4.05
163,Bathsheba,BB,2022-01-28 01:36:07,13.2167,-59.5167,74.01,78,20,5.75
164,Chuy,UY,2022-01-28 01:36:08,-33.6971,-53.4616,66.34,69,97,6.29
165,Magadan,RU,2022-01-28 01:36:08,59.5667,150.8,6.73,83,100,12.64
166,Crawfordsville,US,2022-01-28 01:35:09,40.0411,-86.8745,32.02,86,100,5.64
167,Gamba,GA,2022-01-28 01:36:09,-2.65,10.0,76.39,88,92,4.97
168,Cururupu,BR,2022-01-28 01:36:09,-1.8283,-44.8683,72.27,98,100,2.39
169,Agadir,MA,2022-01-28 01:34:58,30.4202,-9.5982,61.25,44,87,24.27
170,Tubuala,PA,2022-01-28 01:36:09,9.5167,-79.0333,79.34,80,40,12.68
171,Alekseyevsk,RU,2022-01-28 01:36:10,57.8406,108.3492,-14.75,100,97,2.01
172,Palestine,PS,2022-01-28 01:36:10,31.9216,35.2033,38.93,97,97,11.05
173,Camacupa,AO,2022-01-28 01:36:11,-12.0167,17.4833,60.69,98,100,3.02
174,Arraial Do Cabo,BR,2022-01-28 01:36:11,-22.9661,-42.0278,80.46,74,0,14.97
175,Faya,SA,2022-01-28 01:36:11,18.3851,42.4509,51.91,85,23,3.18
176,Kaitangata,NZ,2022-01-28 01:36:12,-46.2817,169.8464,60.93,65,61,7.67
177,Odweyne,SO,2022-01-28 01:36:12,9.4092,45.064,60.48,14,83,11.61
178,Grand-Lahou,CI,2022-01-28 01:36:13,5.1367,-5.0242,78.55,85,11,5.57
179,Nakusp,CA,2022-01-28 01:36:13,50.2499,-117.8023,28.74,80,59,0.0
180,Hamilton,US,2022-01-28 01:36:13,39.1834,-84.5333,35.35,76,100,1.01
181,Haines Junction,CA,2022-01-28 01:36:14,60.7522,-137.5108,21.15,79,100,1.14
182,Henties Bay,NA,2022-01-28 01:36:14,-22.116,14.2845,64.99,85,98,10.36
183,Rudiskes,LT,2022-01-28 01:36:14,54.5167,24.8333,34.61,97,100,14.41
184,Provideniya,RU,2022-01-28 01:37:15,64.3833,-173.3,-1.64,71,0,4.47
185,Buala,SB,2022-01-28 01:37:16,-8.145,159.5921,81.18,81,99,4.63
186,Porto Seguro,BR,2022-01-28 01:33:25,-16.4497,-39.0647,75.72,94,0,1.14
187,The Valley,AI,2022-01-28 01:37:16,18.217,-63.0578,77.09,64,0,14.67
188,San Carlos De Bariloche,AR,2022-01-28 01:37:17,-41.1456,-71.3082,71.35,43,20,0.0
189,Saskylakh,RU,2022-01-28 01:37:17,71.9167,114.0833,4.03,89,87,13.89
190,Port Macquarie,AU,2022-01-28 01:33:17,-31.4333,152.9167,82.36,57,1,10.65
191,Atar,MR,2022-01-28 01:37:18,20.5169,-13.0499,64.71,38,100,6.15
192,Krasnoselkup,RU,2022-01-28 01:37:18,65.7,82.4667,0.73,90,100,18.16
193,Moranbah,AU,2022-01-28 01:37:18,-22.0016,148.0466,88.16,41,100,15.1
194,Longyearbyen,SJ,2022-01-28 01:37:19,78.2186,15.6401,10.24,79,75,11.5
195,Bambous Virieux,MU,2022-01-28 01:34:47,-20.3428,57.7575,73.65,83,40,3.44
196,Sheridan,US,2022-01-28 01:37:19,44.8333,-106.9173,26.98,62,0,1.01
197,Pokrovskoye,RU,2022-01-28 01:37:20,47.4157,38.8971,14.81,96,91,1.43
198,Catazaja,MX,2022-01-28 01:37:20,17.725,-92.0167,77.85,96,1,4.99
199,Nouakchott,MR,2022-01-28 01:35:33,18.0858,-15.9785,64.33,64,93,13.2
200,Kodinsk,RU,2022-01-28 01:37:21,58.6881,99.1844,-16.64,100,99,0.83
201,Amga,RU,2022-01-28 01:37:21,60.8953,131.9608,-30.32,97,78,1.57
202,Samarai,PG,2022-01-28 01:37:21,-10.6167,150.6667,83.32,69,100,4.63
203,Naze,JP,2022-01-28 01:37:22,28.3667,129.4833,59.92,78,93,10.8
204,Kommunar,RU,2022-01-28 01:37:22,59.6206,30.39,30.51,96,100,8.95
205,Klaksvik,FO,2022-01-28 01:37:22,62.2266,-6.589,41.92,89,100,18.25
206,Sabha,LY,2022-01-28 01:37:23,27.0377,14.4283,42.73,45,3,8.16
207,Alugan,PH,2022-01-28 01:37:23,12.2188,125.4808,82.13,78,98,7.43
208,Los Llanos De Aridane,ES,2022-01-28 01:37:23,28.6585,-17.9182,55.15,77,75,8.99
209,Murindo,CO,2022-01-28 01:37:24,6.9848,-76.7544,73.24,98,92,2.73
210,Omboue,GA,2022-01-28 01:37:24,-1.5746,9.2618,77.54,85,100,5.46
211,Torbay,CA,2022-01-28 01:35:29,47.6666,-52.7314,18.75,87,75,9.22
212,Eskisehir,TR,2022-01-28 01:37:25,39.7767,30.5206,10.27,85,0,2.3
213,Lac Du Bonnet,CA,2022-01-28 01:37:25,50.2536,-96.0612,-10.97,98,100,5.17
214,Sartell,US,2022-01-28 01:36:55,45.6216,-94.2069,10.35,47,0,5.75
215,Maragogi,BR,2022-01-28 01:32:45,-9.0122,-35.2225,77.86,82,80,4.61
216,Copiapo,CL,2022-01-28 01:35:09,-27.3667,-70.3333,65.97,71,0,2.33
217,Neyshabur,IR,2022-01-28 01:37:26,36.2133,58.7958,43.86,63,100,5.41
218,Tansen,NP,2022-01-28 01:37:26,27.8673,83.5467,40.23,77,25,2.75
219,La Cruz,MX,2022-01-28 01:37:27,23.9167,-106.9,64.58,77,47,8.23
220,Ribeira Grande,PT,2022-01-28 01:37:27,38.5167,-28.7,60.21,73,8,7.45
221,Mutata,CO,2022-01-28 01:37:27,7.2441,-76.4356,73.36,98,77,1.43
222,Sadao,TH,2022-01-28 01:37:28,6.6388,100.4234,76.82,64,12,3.87
223,Quatre Cocos,MU,2022-01-28 01:38:28,-20.2078,57.7625,73.51,71,0,9.57
224,Oistins,BB,2022-01-28 01:38:28,13.0667,-59.5333,73.49,78,20,5.75
225,Cayenne,GF,2022-01-28 01:38:29,4.9333,-52.3333,69.84,100,0,0.0
226,Yatou,CN,2022-01-28 01:38:29,37.15,122.3833,32.49,42,12,16.17
227,Namibe,AO,2022-01-28 01:38:29,-15.1961,12.1522,73.78,85,100,5.32
228,Kruisfontein,ZA,2022-01-28 01:38:30,-34.0033,24.7314,63.88,90,0,8.21
229,Hay River,CA,2022-01-28 01:38:30,60.8156,-115.7999,3.18,85,75,6.91
230,Kusadak,RS,2022-01-28 01:38:30,44.3997,20.8033,29.55,92,45,3.62
231,Tahta,EG,2022-01-28 01:38:31,26.7693,31.5021,41.32,59,3,6.93
232,Alofi,NU,2022-01-28 01:38:31,-19.0595,-169.9187,85.89,66,75,13.8
233,Grootfontein,NA,2022-01-28 01:38:31,-19.5667,18.1167,63.97,82,77,1.14
234,Necochea,AR,2022-01-28 01:38:32,-38.5473,-58.7368,58.03,73,0,5.3
235,Denpasar,ID,2022-01-28 01:38:32,-8.65,115.2167,78.46,88,75,10.36
236,Basco,PH,2022-01-28 01:38:32,20.4487,121.9702,75.45,88,100,27.18
237,Bandarbeyla,SO,2022-01-28 01:38:33,9.4942,50.8122,73.67,67,100,19.66
238,Marzuq,YE,2022-01-28 01:38:33,14.4,46.4667,59.43,71,4,1.5
239,Kerrobert,CA,2022-01-28 01:38:33,51.9168,-109.1348,23.2,92,98,7.7
240,Tuatapere,NZ,2022-01-28 01:38:34,-46.1333,167.6833,66.81,41,100,7.09
241,Jalu,LY,2022-01-28 01:38:34,29.0331,21.5482,49.53,74,80,5.66
242,Santa Isabel Do Rio Negro,BR,2022-01-28 01:38:34,-0.4139,-65.0192,73.33,98,70,2.37
243,Te Anau,NZ,2022-01-28 01:35:25,-45.4167,167.7167,73.44,34,99,2.77
244,Campina Grande,BR,2022-01-28 01:36:23,-7.2306,-35.8811,73.22,88,40,4.61
245,Deputatskiy,RU,2022-01-28 01:38:35,69.3,139.9,-22.49,98,32,4.32
246,Udachnyy,RU,2022-01-28 01:38:35,66.4167,112.4,-20.63,98,33,4.12
247,Olafsvik,IS,2022-01-28 01:38:36,64.8945,-23.7142,40.17,97,100,29.64
248,Colares,PT,2022-01-28 01:38:36,38.7992,-9.4469,55.29,49,0,5.01
249,Saint Pete Beach,US,2022-01-28 01:38:36,27.7253,-82.7412,63.19,78,100,1.99
250,Evensk,RU,2022-01-28 01:38:37,61.95,159.2333,19.85,82,100,36.19
251,Monchegorsk,RU,2022-01-28 01:38:37,67.9397,32.8739,3.88,100,98,1.97
252,Rognedino,RU,2022-01-28 01:38:37,53.8015,33.5576,23.34,95,100,13.89
253,Churapcha,RU,2022-01-28 01:38:38,62.0025,132.4325,-34.17,99,77,2.66
254,Acarau,BR,2022-01-28 01:38:38,-2.8856,-40.12,76.03,86,100,7.99
255,Mariental,NA,2022-01-28 01:38:38,-24.6333,17.9667,81.36,31,48,7.47
256,Thompson,CA,2022-01-28 01:38:39,55.7435,-97.8558,-5.64,71,100,8.05
257,Kushmurun,KZ,2022-01-28 01:38:39,52.4503,64.6311,6.67,96,100,3.0
258,Ancud,CL,2022-01-28 01:38:39,-41.8697,-73.8203,69.33,86,0,2.91
259,Ahipara,NZ,2022-01-28 01:38:40,-35.1667,173.1667,76.41,48,2,10.87
260,Esperance,AU,2022-01-28 01:38:34,-33.8667,121.9,71.44,56,11,10.67
261,Nikolskoye,RU,2022-01-28 01:38:40,59.7035,30.7861,30.87,96,100,8.1
262,San Vicente,AR,2022-01-28 01:38:40,-26.6167,-54.1333,67.68,89,97,5.93
263,Iquitos,PE,2022-01-28 01:38:41,-3.7481,-73.2472,77.04,94,40,0.0
264,Fomboni,KM,2022-01-28 01:34:30,-12.28,43.7425,81.07,67,100,3.74
265,Birobidzhan,RU,2022-01-28 01:38:41,48.8,132.95,1.85,83,100,2.73
266,Nhulunbuy,AU,2022-01-28 01:38:42,-12.2333,136.7667,88.41,70,40,11.5
267,Afsin,TR,2022-01-28 01:38:42,38.2477,36.914,-3.44,84,4,2.35
268,Norman Wells,CA,2022-01-28 01:38:42,65.282,-126.8329,-0.36,78,100,4.61
269,Seybaplaya,MX,2022-01-28 01:38:43,19.65,-90.6667,74.66,82,1,15.03
270,Dillon,US,2022-01-28 01:38:43,34.4166,-79.3712,37.26,48,42,5.64
271,Oranjemund,NA,2022-01-28 01:39:43,-28.55,16.4333,64.24,87,88,17.25
272,Komsomolskiy,UZ,2022-01-28 01:39:44,40.4272,71.7189,29.62,63,100,6.91
273,Nioro,GM,2022-01-28 01:39:44,13.35,-15.75,71.29,38,6,7.45
274,Zhangjiakou,CN,2022-01-28 01:39:44,40.81,114.8794,13.15,51,0,3.67
275,Yarovoye,RU,2022-01-28 01:39:45,52.9273,78.58,-6.38,98,22,5.88
276,Poole,GB,2022-01-28 01:35:19,50.7167,-2.0,42.66,95,8,1.01
277,Chickasha,US,2022-01-28 01:39:45,35.0526,-97.9364,36.21,86,0,4.61
278,Meulaboh,ID,2022-01-28 01:39:46,4.1363,96.1285,80.28,80,77,2.68
279,San Onofre,CO,2022-01-28 01:39:46,9.7359,-75.5263,75.78,78,25,8.05
280,Broome,US,2022-01-28 01:39:46,42.2506,-75.833,27.46,59,100,3.0
281,Les Cayes,HT,2022-01-28 01:39:47,18.2,-73.75,77.25,69,82,3.78
282,San Patricio,US,2022-01-28 01:39:47,28.017,-97.5169,61.48,75,100,9.01
283,Masakin,TN,2022-01-28 01:39:48,35.7292,10.5808,43.0,59,0,1.5
284,Pevek,RU,2022-01-28 01:39:48,69.7008,170.3133,-26.23,99,23,1.92
285,Lebu,CL,2022-01-28 01:39:48,-37.6167,-73.65,59.54,94,8,2.04
286,Siaya,KE,2022-01-28 01:39:49,0.0612,34.2882,68.88,46,100,5.12
287,Jacareacanga,BR,2022-01-28 01:39:49,-6.2222,-57.7528,72.36,99,81,2.51
288,Sao Joao Da Barra,BR,2022-01-28 01:39:49,-21.6403,-41.0511,75.54,91,1,15.08
289,Beyneu,KZ,2022-01-28 01:39:50,45.3167,55.2,30.9,91,100,5.84
290,Port Said,EG,2022-01-28 01:39:50,31.2565,32.2841,46.38,87,40,13.8
291,Jumla,NP,2022-01-28 01:39:50,29.2747,82.1838,24.67,49,0,4.76
292,Balkanabat,TM,2022-01-28 01:39:51,39.5108,54.3671,42.73,91,100,21.27
293,Ewa Beach,US,2022-01-28 01:39:51,21.3156,-158.0072,81.77,57,0,8.99
294,Asekeyevo,RU,2022-01-28 01:39:52,53.5742,52.7972,-4.76,100,100,2.77
295,Monrovia,LR,2022-01-28 01:39:52,6.3005,-10.7969,76.77,80,83,5.26
296,Sioux Lookout,CA,2022-01-28 01:39:53,50.1001,-91.917,-5.42,84,0,3.44
297,Tsaratanana,MG,2022-01-28 01:39:53,-16.7833,47.65,69.33,85,24,5.97
298,Campo Verde,BR,2022-01-28 01:39:53,-20.4167,-54.0667,74.41,87,100,3.06
299,Souillac,MU,2022-01-28 01:39:53,-20.5167,57.5167,73.78,83,40,3.44
300,Tenkodogo,BF,2022-01-28 01:39:54,11.78,-0.3697,71.04,18,14,11.45
301,Okhotsk,RU,2022-01-28 01:39:54,59.3833,143.3,0.81,85,100,18.84
302,Mayya,RU,2022-01-28 01:39:54,61.7333,130.2811,-32.69,97,50,1.14
303,Paita,PE,2022-01-28 01:39:55,-5.0892,-81.1144,71.01,85,75,8.88
304,Mehamn,NO,2022-01-28 01:39:55,71.0357,27.8492,29.12,83,100,12.62
305,Buraydah,SA,2022-01-28 01:39:55,26.326,43.975,46.85,38,40,8.79
306,Korla,CN,2022-01-28 01:39:56,41.7597,86.1469,20.86,63,0,3.62
307,Limbang,MY,2022-01-28 01:39:56,4.75,115.0,77.31,75,83,2.13
308,Mareeba,AU,2022-01-28 01:37:02,-17.0,145.4333,86.43,80,97,1.52
309,Kununurra,AU,2022-01-28 01:39:57,-15.7667,128.7333,85.98,74,75,11.5
310,Waihi,NZ,2022-01-28 01:39:57,-37.3833,175.8333,82.44,37,0,6.49
311,General Roca,AR,2022-01-28 01:39:58,-39.0333,-67.5833,81.0,24,0,14.36
312,Dargaville,NZ,2022-01-28 01:39:58,-35.9333,173.8833,76.46,44,3,13.33
313,Vanimo,PG,2022-01-28 01:39:58,-2.6741,141.3028,84.13,73,51,4.45
314,Hajdudorog,HU,2022-01-28 01:39:59,47.8167,21.5,30.87,94,76,8.01
315,Sakakah,SA,2022-01-28 01:40:59,29.9697,40.2064,38.77,79,3,3.42
316,Bourail,NC,2022-01-28 01:40:59,-21.5667,165.4833,88.05,58,26,10.16
317,Campo Formoso,BR,2022-01-28 01:41:00,-10.5075,-40.3214,68.31,90,81,2.73
318,Mahanoro,MG,2022-01-28 01:41:00,-19.9,48.8,71.98,84,39,3.89
319,Colac,AU,2022-01-28 01:41:00,-38.3333,143.5833,77.02,95,100,5.53
320,Zinder,NE,2022-01-28 01:41:01,13.8072,8.9881,57.2,29,0,11.61
321,Tyulyachi,RU,2022-01-28 01:41:01,55.8913,50.2399,-2.0,100,100,6.06
322,Flinders,AU,2022-01-28 01:41:02,-34.5833,150.8552,87.06,66,16,5.99
323,Shunyi,CN,2022-01-28 01:41:02,40.125,116.6453,26.55,33,0,6.71
324,Nuevitas,CU,2022-01-28 01:41:02,21.5453,-77.2644,71.04,73,3,6.42
325,Fort Nelson,CA,2022-01-28 01:41:03,58.8053,-122.7002,22.59,93,100,6.91
326,East London,ZA,2022-01-28 01:41:03,-33.0153,27.9116,72.18,89,71,15.41
327,Kunszentmiklos,HU,2022-01-28 01:41:03,47.027,19.1258,39.76,84,53,13.31
328,Wasilla,US,2022-01-28 01:38:39,61.5814,-149.4394,26.78,82,100,5.75
329,Gbarnga,LR,2022-01-28 01:41:04,6.9956,-9.4722,69.06,99,99,1.45
330,Hit,IQ,2022-01-28 01:41:04,33.6416,42.8251,43.12,71,5,8.79
331,Halmstad,SE,2022-01-28 01:41:05,56.6745,12.8568,40.89,68,57,12.66
332,Coahuayana,MX,2022-01-28 01:41:05,18.7333,-103.6833,81.88,85,88,0.27
333,Ipil,PH,2022-01-28 01:41:05,7.75,122.5167,84.6,69,49,1.48
334,Wonthaggi,AU,2022-01-28 01:41:06,-38.6044,145.5913,97.38,81,89,11.77
335,Sanchez,DO,2022-01-28 01:41:06,19.2281,-69.6137,71.74,91,1,4.16
336,Chimoio,MZ,2022-01-28 01:41:06,-19.1164,33.4833,69.66,100,75,2.28
337,Havoysund,NO,2022-01-28 01:41:07,70.9963,24.6622,23.88,69,100,14.99
338,Irbeyskoye,RU,2022-01-28 01:41:07,55.6428,95.4522,-8.68,100,100,1.01
339,Caravelas,BR,2022-01-28 01:41:07,-17.7125,-39.2481,75.49,91,5,5.66
340,Pekan,MY,2022-01-28 01:41:08,3.4836,103.3996,77.11,70,100,6.85
341,Serebryanyy Bor,RU,2022-01-28 01:41:08,56.8,124.8,-2.2,92,100,13.38
342,Arkhara,RU,2022-01-28 01:41:08,49.4212,130.0842,0.55,93,100,6.98
343,Mount Isa,AU,2022-01-28 01:41:09,-20.7333,139.5,76.77,100,75,10.36
344,Giyon,ET,2022-01-28 01:41:09,8.5333,37.9833,54.36,51,24,8.05
345,Barabai,ID,2022-01-28 01:41:10,-2.5833,115.3833,81.32,82,100,1.52
346,Burnie,AU,2022-01-28 01:41:10,-41.0667,145.9167,72.95,88,100,3.67
347,Ixtapa,MX,2022-01-28 01:41:10,20.7,-105.2,72.63,78,40,9.22
348,Chokurdakh,RU,2022-01-28 01:41:11,70.6333,147.9167,-25.46,91,53,9.08
349,Tiksi,RU,2022-01-28 01:41:11,71.6872,128.8694,-13.95,96,45,10.07
350,Nacala,MZ,2022-01-28 01:41:11,-14.5428,40.6728,72.91,91,81,1.95
351,Cedar City,US,2022-01-28 01:41:12,37.6775,-113.0619,29.37,52,0,13.8
352,Harper,LR,2022-01-28 01:41:12,4.375,-7.7169,78.73,80,99,5.77
353,Santa Clarita,US,2022-01-28 01:41:04,34.3917,-118.5426,65.39,21,0,0.0
354,Mnogovershinnyy,RU,2022-01-28 01:41:13,53.9353,139.9242,-6.25,80,47,4.47
355,Itacoatiara,BR,2022-01-28 01:38:31,-3.1431,-58.4442,74.35,96,100,2.98
356,Rawson,AR,2022-01-28 01:41:13,-43.3002,-65.1023,78.87,38,4,11.9
357,Ibirama,BR,2022-01-28 01:41:14,-27.0569,-49.5178,72.32,95,100,2.95
358,Mundo Nuevo,MX,2022-01-28 01:41:14,18.7,-95.5,71.38,85,85,11.03
359,Bolhrad,UA,2022-01-28 01:41:14,45.6826,28.6149,31.78,89,70,9.28
360,Port Hardy,CA,2022-01-28 01:41:15,50.6996,-127.4199,48.76,61,40,3.44
361,Aras,ES,2022-01-28 01:41:15,42.5617,-2.356,35.31,93,0,13.8
362,Nishihara,JP,2022-01-28 01:41:15,26.1842,127.7558,69.85,74,20,11.5
363,Vardo,NO,2022-01-28 01:42:16,70.3705,31.1107,26.65,93,100,7.96
364,Champerico,GT,2022-01-28 01:42:16,14.3,-91.9167,81.36,66,3,4.9
365,Husavik,IS,2022-01-28 01:42:16,66.0449,-17.3389,35.51,78,100,14.56
366,Sambava,MG,2022-01-28 01:42:17,-14.2667,50.1667,73.54,84,31,8.32
367,Codrington,AU,2022-01-28 01:42:17,-38.2667,141.9667,72.41,71,80,8.28
368,Laramie,US,2022-01-28 01:40:32,41.3114,-105.5911,17.53,83,0,5.75
369,Fukue,JP,2022-01-28 01:42:18,32.6881,128.8419,52.16,62,75,13.8
370,Miandrivazo,MG,2022-01-28 01:42:18,-19.5167,45.4667,76.71,83,1,1.88
371,Luxeuil-Les-Bains,FR,2022-01-28 01:42:18,47.8171,6.365,34.02,100,100,3.44
372,Comodoro Rivadavia,AR,2022-01-28 01:42:19,-45.8667,-67.5,71.46,53,0,8.05
373,Mandalay,MM,2022-01-28 01:39:09,21.9747,96.0836,68.22,62,44,5.19
374,Ishii,JP,2022-01-28 01:42:19,34.0667,134.4333,49.5,61,40,10.36
375,Deder,ET,2022-01-28 01:42:20,9.3167,41.45,49.53,42,76,6.13
376,San Juan,AR,2022-01-28 01:42:20,-31.5375,-68.5364,70.97,68,15,6.31
377,Salalah,OM,2022-01-28 01:42:21,17.0151,54.0924,69.89,73,20,3.44
378,Saint George,US,2022-01-28 01:42:22,37.1041,-113.5841,48.79,19,0,27.63
379,Capao Bonito,BR,2022-01-28 01:41:56,-24.0058,-48.3494,68.68,99,100,2.39
380,Ormara,PK,2022-01-28 01:42:22,25.2088,64.6357,65.71,50,0,1.9
381,Bereda,ES,2022-01-28 01:42:22,43.2686,-7.5406,46.92,99,14,2.62
382,Grand-Santi,GF,2022-01-28 01:42:23,4.25,-54.3833,70.47,99,68,2.28
383,Eresos,GR,2022-01-28 01:42:23,39.1667,25.9333,43.02,62,50,5.61
384,Paamiut,GL,2022-01-28 01:42:23,61.994,-49.6678,2.46,85,82,11.03
385,Phangnga,TH,2022-01-28 01:42:24,8.4509,98.5298,83.82,66,99,3.58
386,Flin Flon,CA,2022-01-28 01:42:24,54.7682,-101.865,-3.37,97,17,6.02
387,Manavalakurichi,IN,2022-01-28 01:42:24,8.1333,77.3,78.89,75,24,13.69
388,Bethel,US,2022-01-28 01:37:39,41.3712,-73.414,30.56,76,0,0.0
389,Kizukuri,JP,2022-01-28 01:42:25,40.8061,140.3861,31.1,83,100,12.84
390,Ponta Delgada,PT,2022-01-28 01:42:25,37.7333,-25.6667,55.51,71,20,4.61
391,Arlit,NE,2022-01-28 01:42:26,18.7369,7.3853,58.08,27,0,7.49
392,Lasa,IT,2022-01-28 01:42:26,46.6166,10.7002,44.06,69,47,8.59
393,Aswan,EG,2022-01-28 01:42:26,24.0934,32.907,43.9,45,0,6.91
394,Roald,NO,2022-01-28 01:42:27,62.5833,6.1333,39.33,65,100,11.5
395,Clyde River,CA,2022-01-28 01:42:27,70.4692,-68.5914,-9.17,77,100,16.11
396,Pinega,RU,2022-01-28 01:42:28,64.7001,43.3936,11.12,94,100,7.23
397,Kilindoni,TZ,2022-01-28 01:42:28,-7.9139,39.6668,79.45,74,100,9.75
398,Tautira,PF,2022-01-28 01:42:28,-17.7333,-149.15,86.02,77,15,16.26
399,Cabedelo,BR,2022-01-28 01:39:31,-6.9811,-34.8339,77.67,80,65,7.31
400,Hasaki,JP,2022-01-28 01:42:29,35.7333,140.8333,46.29,57,100,3.27
401,Boueni,YT,2022-01-28 01:42:29,-12.9025,45.0761,78.78,69,69,4.32
402,Lodja,CD,2022-01-28 01:42:30,-3.4833,23.4333,69.15,96,100,2.01
403,Payo,ID,2022-01-28 01:42:30,-3.7508,103.6372,79.83,78,55,2.75
404,Dengzhou,CN,2022-01-28 01:42:30,37.8086,120.7508,32.74,46,43,6.91
405,Sinnamary,GF,2022-01-28 01:42:31,5.3833,-52.95,75.67,86,52,8.16
406,Lagoa,PT,2022-01-28 01:42:30,39.05,-27.9833,58.62,77,5,15.77
407,Slave Lake,CA,2022-01-28 01:42:32,55.2834,-114.769,24.78,86,0,3.44
408,Nowy Targ,PL,2022-01-28 01:42:33,49.4778,20.0323,35.6,86,93,10.89
409,Granadilla De Abona,ES,2022-01-28 01:43:33,28.1188,-16.576,57.81,59,75,8.05
410,Coquimbo,CL,2022-01-28 01:40:10,-29.9533,-71.3436,60.53,88,0,5.75
411,Kuba-Taba,RU,2022-01-28 01:43:33,43.7761,43.4428,26.13,82,99,4.32
412,Kuching,MY,2022-01-28 01:43:34,1.55,110.3333,80.82,89,20,2.3
413,Chapais,CA,2022-01-28 01:43:34,49.7834,-74.8492,-2.42,92,100,10.6
414,Mayo,US,2022-01-28 01:43:03,38.8876,-76.5119,35.08,66,100,1.01
415,Cairns,AU,2022-01-28 01:43:35,-16.9167,145.7667,89.06,74,40,8.05
416,Tabou,CI,2022-01-28 01:43:35,4.423,-7.3528,78.8,80,68,4.92
417,Puerto Colombia,CO,2022-01-28 01:42:51,10.9878,-74.9547,80.69,81,69,27.29
418,Paramonga,PE,2022-01-28 01:43:36,-10.6667,-77.8333,70.56,86,100,7.67
419,Faridpur,BD,2022-01-28 01:43:36,23.6,89.8333,59.0,56,0,4.76
420,Yulara,AU,2022-01-28 01:43:37,-25.2406,130.9889,85.84,54,100,13.8
421,Imbituba,BR,2022-01-28 01:41:11,-28.24,-48.6703,75.09,81,100,12.77
422,Chake Chake,TZ,2022-01-28 01:39:18,-5.2459,39.7666,75.18,82,61,6.24
423,Natal,BR,2022-01-28 01:42:43,-5.795,-35.2094,79.02,94,75,2.3
424,Saurimo,AO,2022-01-28 01:43:38,-9.6608,20.3916,62.4,96,100,3.8
425,Almora,IN,2022-01-28 01:43:38,29.6167,79.6667,32.88,86,1,2.62
426,Xuddur,SO,2022-01-28 01:43:38,4.1213,43.8894,68.04,62,100,11.92
427,Nemuro,JP,2022-01-28 01:43:39,43.3236,145.575,18.03,66,14,8.39
428,Hashtrud,IR,2022-01-28 01:43:39,37.4779,47.0508,13.44,94,65,3.56
429,Krasnovishersk,RU,2022-01-28 01:43:39,60.4078,57.082,3.63,97,100,4.52
430,Bonga,ET,2022-01-28 01:43:39,7.2833,36.2333,62.15,63,94,0.89
431,Sabang,ID,2022-01-28 01:43:40,5.8933,95.3214,81.03,77,76,5.14
432,Quelimane,MZ,2022-01-28 01:43:40,-17.8786,36.8883,78.75,89,20,6.91
433,Amazar,RU,2022-01-28 01:43:40,53.858,120.875,-1.28,76,67,3.15
434,Shagonar,RU,2022-01-28 01:43:41,51.5333,92.8,-10.79,98,99,1.63
435,Anadyr,RU,2022-01-28 01:43:41,64.75,177.4833,10.9,79,40,4.47
436,Port Blair,IN,2022-01-28 01:43:41,11.6667,92.75,82.44,74,20,6.91
437,Ypsonas,CY,2022-01-28 01:43:49,34.6884,32.9574,45.57,57,75,3.44
438,Amuntai,ID,2022-01-28 01:43:49,-2.4177,115.2494,79.38,88,100,1.05
439,Petropavlovsk-Kamchatskiy,RU,2022-01-28 01:43:50,53.0452,158.6483,18.19,79,100,8.95
440,Vilyuysk,RU,2022-01-28 01:41:53,63.7553,121.6247,-16.29,96,18,4.27
441,Praia Da Vitoria,PT,2022-01-28 01:39:48,38.7333,-27.0667,57.45,94,40,15.93
442,Abha,SA,2022-01-28 01:43:50,18.2164,42.5053,51.62,93,5,0.0
443,Barcelona,ES,2022-01-28 01:41:54,41.3888,2.159,51.55,60,0,10.0
444,Mitsamiouli,KM,2022-01-28 01:43:51,-11.3847,43.2844,79.43,77,22,2.64
445,Kavali,IN,2022-01-28 01:43:51,14.9167,79.9833,70.23,86,12,10.92
446,Liverpool,GB,2022-01-28 01:40:25,53.4106,-2.9779,43.68,95,75,1.99
447,Manjacaze,MZ,2022-01-28 01:43:51,-24.7117,33.8828,71.06,96,78,5.23
448,Chiclana,AR,2022-01-28 01:43:52,-35.7346,-61.7503,60.04,73,0,5.91
449,Westport,US,2022-01-28 01:43:27,41.1415,-73.3579,32.81,70,0,11.99
450,Youghal,IE,2022-01-28 01:43:52,51.95,-7.8506,42.55,100,81,3.58
451,That Phanom,TH,2022-01-28 01:43:53,16.9364,104.7104,78.4,46,33,7.23
452,Alizai,PK,2022-01-28 01:43:53,33.5383,70.3462,40.14,35,53,0.83
453,Orlik,RU,2022-01-28 01:43:53,52.5178,99.825,-18.65,96,99,2.06
454,Awbari,LY,2022-01-28 01:43:54,26.5921,12.7805,41.7,46,0,6.29
455,Mumford,GH,2022-01-28 01:43:54,5.2618,-0.759,78.39,87,7,5.1
456,Talnakh,RU,2022-01-28 01:40:07,69.4865,88.3972,4.21,91,100,16.98
457,Fairview,US,2022-01-28 01:41:34,40.8126,-73.999,31.21,49,0,3.44
458,Aberdeen,GB,2022-01-28 01:40:50,57.1437,-2.0981,43.48,81,100,6.91
459,Fare,PF,2022-01-28 01:44:55,-16.7,-151.0167,80.65,76,6,15.55
460,Arrifes,PT,2022-01-28 01:44:55,37.7667,-25.7,53.24,71,20,4.61
461,Cefalu,IT,2022-01-28 01:44:56,38.0386,14.0229,51.75,78,80,4.0
462,Gravdal,NO,2022-01-28 01:44:56,68.1214,13.5031,31.84,54,100,23.98
463,Beruwala,LK,2022-01-28 01:44:56,6.4788,79.9828,76.91,76,90,0.96
464,Maceio,BR,2022-01-28 01:44:01,-9.6658,-35.7353,80.04,83,40,0.0
465,Otjiwarongo,NA,2022-01-28 01:41:06,-20.4637,16.6477,70.66,50,60,5.95
466,Ecublens,CH,2022-01-28 01:44:57,46.529,6.5626,43.92,97,97,2.44
467,Preobrazheniye,RU,2022-01-28 01:44:57,42.9019,133.9064,19.45,47,4,7.05
468,Lusambo,CD,2022-01-28 01:44:58,-4.9667,23.45,67.82,94,100,1.34
469,Zhuanghe,CN,2022-01-28 01:44:58,39.7008,122.9911,22.23,40,3,6.93
470,Townsville,AU,2022-01-28 01:40:05,-19.25,146.8,76.08,94,75,16.11
471,Kisangani,CD,2022-01-28 01:44:58,0.5167,25.2,70.3,88,88,1.99
472,Bilibino,RU,2022-01-28 01:44:59,68.0546,166.4372,-16.62,96,72,3.49
473,Bowen,AU,2022-01-28 01:44:59,-20.0167,148.2333,84.42,73,100,17.13
474,Whitecourt,CA,2022-01-28 01:44:59,54.1502,-115.6855,34.84,40,40,2.3
475,Lagunas,PE,2022-01-28 01:45:00,-5.2269,-75.6753,77.04,85,100,2.73
476,Koupela,BF,2022-01-28 01:41:11,12.1794,-0.3517,69.91,19,11,10.69
477,Lata,PT,2022-01-28 01:45:00,40.1629,-8.3327,44.06,70,0,5.06
478,Pervomayskiy,RU,2022-01-28 01:45:01,53.2485,40.2871,-0.29,100,100,7.67
479,Oyama,JP,2022-01-28 01:45:01,36.3,139.8,47.03,33,2,2.59
480,Kanye,BW,2022-01-28 01:45:01,-24.9667,25.3327,64.69,79,80,12.17
481,Merauke,ID,2022-01-28 01:41:36,-8.4667,140.3333,86.09,64,99,9.1
482,Omagh,GB,2022-01-28 01:45:02,54.6,-7.3,38.39,94,100,3.33
483,Trincomalee,LK,2022-01-28 01:45:02,8.5711,81.2335,78.15,77,90,8.61
484,Coihaique,CL,2022-01-28 01:45:03,-45.5752,-72.0662,73.35,35,0,5.75
485,Kapasan,ID,2022-01-28 01:45:03,-6.7773,111.3789,80.94,83,100,5.99
486,Hobyo,SO,2022-01-28 01:44:16,5.3505,48.5268,75.81,71,100,18.5
487,Yamada,JP,2022-01-28 01:45:04,39.4667,141.95,37.45,40,21,2.26
488,Rocha,UY,2022-01-28 01:44:36,-34.4833,-54.3333,65.53,55,100,4.34
489,Labrea,BR,2022-01-28 01:45:04,-7.2586,-64.7981,74.41,96,89,1.95
490,Salta,AR,2022-01-28 01:45:05,-24.7859,-65.4117,66.49,96,100,4.0
491,Sitka,US,2022-01-28 01:45:05,57.0531,-135.33,42.69,75,100,14.97
492,Fernley,US,2022-01-28 01:45:05,39.608,-119.2518,45.46,37,0,3.0
493,Praya,CV,2022-01-28 01:45:06,14.9215,-23.5087,70.34,68,75,23.02
494,Saint-Francois,FR,2022-01-28 01:43:11,46.4154,3.9054,29.68,100,100,0.0
495,Nyaunglebin,MM,2022-01-28 01:45:06,17.95,96.7333,72.77,45,77,2.95
496,Feni,BD,2022-01-28 01:45:06,23.0186,91.41,58.33,50,99,5.55
497,Maralal,KE,2022-01-28 01:45:07,1.0968,36.698,55.78,76,34,3.83
498,Hervey Bay,AU,2022-01-28 01:43:34,-25.2986,152.8535,88.03,73,52,17.05
499,Hualmay,PE,2022-01-28 01:45:07,-11.0964,-77.6139,70.32,85,100,7.31
500,Luderitz,NA,2022-01-28 01:45:08,-26.6481,15.1594,66.45,75,0,23.11
501,West Bay,KY,2022-01-28 01:45:08,19.3667,-81.4167,82.08,79,20,1.01
502,Ahvaz,IR,2022-01-28 01:45:08,31.3203,48.6693,48.15,57,0,2.3
503,Santa Fe,AR,2022-01-28 01:46:09,-31.6333,-60.7,71.01,60,99,1.99
504,Gasa,PS,2022-01-28 01:46:09,31.5,34.4667,48.18,69,100,15.77
505,Ucluelet,CA,2022-01-28 01:45:52,48.9329,-125.5528,45.09,88,100,1.01
506,Bireun,ID,2022-01-28 01:46:10,5.203,96.7009,80.53,77,90,3.74
507,Saint-Philippe,RE,2022-01-28 01:46:10,-21.3585,55.7679,72.99,83,53,8.39
508,Vila Franca Do Campo,PT,2022-01-28 01:44:31,37.7167,-25.4333,55.2,73,98,9.53
509,Verkhnevilyuysk,RU,2022-01-28 01:46:11,63.4453,120.3167,-8.19,93,26,7.02
510,Demirci,TR,2022-01-28 01:46:11,39.0461,28.6589,15.24,86,6,4.41
511,Kudahuvadhoo,MV,2022-01-28 01:46:12,2.6708,72.8944,80.69,51,100,3.31
512,Gewane,ET,2022-01-28 01:46:12,10.1664,40.6453,72.03,34,66,2.98
513,Mercedes,AR,2022-01-28 01:46:13,-34.6515,-59.4307,63.86,71,0,5.48
514,Racine,US,2022-01-28 01:45:38,42.7495,-88.0751,29.88,63,23,6.91
515,Rio Gallegos,AR,2022-01-28 01:44:05,-51.6226,-69.2181,62.65,55,0,2.3
516,Kavaratti,IN,2022-01-28 01:46:13,10.5669,72.642,79.14,72,49,10.07
517,Luang Prabang,LA,2022-01-28 01:46:14,19.8856,102.1347,58.96,94,100,0.0
518,Chumikan,RU,2022-01-28 01:46:14,54.7183,135.315,-7.11,83,60,13.15
519,Rio Grande,BR,2022-01-28 01:46:15,-32.035,-52.0986,69.94,54,100,11.9
520,Ossora,RU,2022-01-28 01:46:15,59.2353,163.0719,31.24,97,100,30.51
521,Salinas,US,2022-01-28 01:43:48,36.6777,-121.6555,63.41,64,0,13.8
522,Mujiayingzi,CN,2022-01-28 01:46:16,42.1167,118.7833,14.2,39,0,8.05
523,Aksehir,TR,2022-01-28 01:46:16,38.3575,31.4164,7.43,94,39,2.82
524,Algiers,DZ,2022-01-28 01:46:17,36.7525,3.042,35.42,87,20,1.14
525,Namatanai,PG,2022-01-28 01:46:17,-3.6667,152.4333,84.42,72,59,7.76
526,Gat,IL,2022-01-28 01:43:25,31.61,34.7642,47.39,100,100,11.56
527,Homer,US,2022-01-28 01:46:17,59.6425,-151.5483,28.78,89,100,6.91
528,Aklavik,CA,2022-01-28 01:46:18,68.2191,-135.0107,-17.57,93,100,2.53
529,Derzhavinsk,KZ,2022-01-28 01:46:18,51.1,66.3167,8.35,84,100,7.09
530,Lumby,CA,2022-01-28 01:45:35,50.2498,-118.969,29.25,84,37,2.3
531,Tokur,RU,2022-01-28 01:46:19,53.1333,132.9,-10.86,91,97,2.66
532,Kpandae,GH,2022-01-28 01:46:19,8.4689,-0.0113,77.09,21,27,4.36
533,Williams Lake,CA,2022-01-28 01:44:53,52.1415,-122.1445,31.57,86,20,9.22
534,Zbarazh,UA,2022-01-28 01:46:20,49.6636,25.7762,31.5,94,98,16.75
535,Inongo,CD,2022-01-28 01:46:20,-1.95,18.2667,74.48,67,100,3.47
536,Guerrero Negro,MX,2022-01-28 01:46:21,27.9769,-114.0611,63.81,53,100,11.41
537,Ust-Kuyga,RU,2022-01-28 01:46:21,70.0167,135.6,-19.23,99,98,6.62
538,Imeni Poliny Osipenko,RU,2022-01-28 01:46:22,52.4201,136.4853,-0.31,90,100,4.18
539,Erzin,TR,2022-01-28 01:46:22,36.9559,36.2,34.52,63,2,4.09
540,Nanakuli,US,2022-01-28 01:46:22,21.3906,-158.1547,81.77,54,0,5.75
541,Ayia Galini,GR,2022-01-28 01:46:23,35.1,24.6833,45.55,83,27,5.1
542,Olinda,BR,2022-01-28 01:43:28,-8.0089,-34.8553,82.13,74,20,3.44
543,Novochernorechenskiy,RU,2022-01-28 01:46:23,56.2669,91.0828,-10.62,100,100,2.75
544,Narsaq,GL,2022-01-28 01:42:31,60.9167,-46.05,14.22,86,15,6.26
545,Lindi,TZ,2022-01-28 01:46:24,-10.0,39.7167,72.23,94,98,2.73
546,Karratha,AU,2022-01-28 01:47:24,-20.7377,116.8463,87.03,46,54,13.38
547,Springdale,US,2022-01-28 01:44:30,36.1867,-94.1288,38.93,75,100,4.61
548,Sirjan,IR,2022-01-28 01:47:24,29.452,55.6814,44.33,65,9,9.89
549,Sibolga,ID,2022-01-28 01:47:25,1.7427,98.7792,81.57,72,22,1.03
550,Wanaka,NZ,2022-01-28 01:47:25,-44.7,169.15,75.11,33,78,3.0
551,Vestmanna,FO,2022-01-28 01:47:25,62.1564,-7.1664,40.12,87,100,14.97
552,Havre-Saint-Pierre,CA,2022-01-28 01:47:26,50.2334,-63.5986,19.4,67,100,17.27
553,Abapo,BO,2022-01-28 01:47:27,-18.8333,-63.4667,66.67,93,89,3.62
554,Fonte Boa,BR,2022-01-28 01:47:27,-2.4959,-66.2662,73.99,97,99,2.57
555,Camargo,MX,2022-01-28 01:47:27,27.6667,-105.1667,61.34,18,50,6.2
556,Trabzon,TR,2022-01-28 01:47:28,40.9167,39.8333,33.89,60,40,6.91
557,Shaunavon,CA,2022-01-28 01:47:28,49.6501,-108.4181,22.78,85,97,9.31
558,Celina,US,2022-01-28 01:46:14,40.5489,-84.5702,30.65,94,100,6.87
559,Santa Rosalia,MX,2022-01-28 01:47:29,27.3167,-112.2833,59.72,51,82,7.05
560,Waipawa,NZ,2022-01-28 01:47:29,-41.4122,175.5153,64.92,48,32,8.14
561,Koumac,NC,2022-01-28 01:47:29,-20.5667,164.2833,87.3,62,59,6.26
562,Wad Madani,SD,2022-01-28 01:47:30,14.4012,33.5199,62.37,16,0,14.41
563,Keuruu,FI,2022-01-28 01:47:30,62.2667,24.7,30.38,94,100,6.91
